id,layer,artmesh,group,deformer,mesh_preset,params,toggle,blend,visible_default,physics,hidden_restored,x,y,w,h,mesh_recipe
001,001_OC_Body_Rimlight,AM_OC_Body_Rimlight,16_OVERCLOCK,ROOT/OVERCLOCK_ROOT,simple,ParamOverclock,ParamOverclock=1,Additive,False,False,False,557,192,1919,4297,"자동(외곽 60, 내부 200) 또는 사각 4정점"
002,002_OC_Core_Burst,AM_OC_Core_Burst,16_OVERCLOCK,ROOT/OVERCLOCK_ROOT,simple,ParamOverclock,ParamOverclock=1,Additive,False,False,False,1414,1045,203,203,"자동(외곽 60, 내부 200) 또는 사각 4정점"
003,003_OC_Eye_Ring_L,AM_OC_Eye_Ring_L,16_OVERCLOCK,ROOT/BODY_ROOT/DFM_BODY_XY/DFM_BODY_Z/DFM_NECK/HEAD_ROOT/DFM_HEAD_XY/DFM_HEAD_Z/FACE/EYES/DFM_EYE_L,standard,ParamEyeLOpen;ParamOverclock,ParamOverclock=1,Additive,False,False,False,1579,555,53,50,"자동(외곽 40, 내부 100)"
004,004_OC_Eye_Ring_R,AM_OC_Eye_Ring_R,16_OVERCLOCK,ROOT/BODY_ROOT/DFM_BODY_XY/DFM_BODY_Z/DFM_NECK/HEAD_ROOT/DFM_HEAD_XY/DFM_HEAD_Z/FACE/EYES/DFM_EYE_R,standard,ParamEyeROpen;ParamOverclock,ParamOverclock=1,Additive,False,False,False,1397,565,53,51,"자동(외곽 40, 내부 100)"
005,005_OC_Hair_Spark,AM_OC_Hair_Spark,16_OVERCLOCK,ROOT/BODY_ROOT/DFM_BODY_XY/DFM_BODY_Z/DFM_NECK/HEAD_ROOT/HEAD_FX,simple,ParamOverclock,ParamOverclock=1,Additive,False,False,False,1206,188,610,273,"자동(외곽 60, 내부 200) 또는 사각 4정점"
006,006_OC_Spark_Front,AM_OC_Spark_Front,16_OVERCLOCK,ROOT/OVERCLOCK_ROOT,simple,ParamOverclock,ParamOverclock=1,Additive,False,False,False,377,323,2294,3761,"자동(외곽 60, 내부 200) 또는 사각 4정점"
007,007_OC_Warning_Panel,AM_OC_Warning_Panel,16_OVERCLOCK,ROOT/OVERCLOCK_ROOT,simple,ParamOverclock,ParamOverclock=1,Additive,False,False,False,494,413,2435,2984,"자동(외곽 60, 내부 200) 또는 사각 4정점"
008,008_LowBattery_Dim,AM_LowBattery_Dim,15_TOGGLES,ROOT/BODY_ROOT/DFM_BODY_XY/FX,simple,ParamLowBattery,ParamLowBattery=1,Normal,False,False,False,563,198,1907,4285,"자동(외곽 60, 내부 200) 또는 사각 4정점"
009,009_Earpiece_Mobile,AM_Earpiece_Mobile,15_TOGGLES,ROOT/BODY_ROOT/DFM_BODY_XY/DFM_BODY_Z/DFM_NECK/HEAD_ROOT/DFM_HEAD_XY/DFM_HEAD_Z/HEAD_ACCESSORIES,standard,ParamMobile,ParamMobile=1,Normal,False,False,False,1704,586,33,44,"자동(외곽 40, 내부 100)"
010,010_Visor_Game,AM_Visor_Game,15_TOGGLES,ROOT/BODY_ROOT/DFM_BODY_XY/DFM_BODY_Z/DFM_NECK/HEAD_ROOT/DFM_HEAD_XY/DFM_HEAD_Z/HEAD_ACCESSORIES,standard,ParamGame,ParamGame=1,Normal,False,False,False,1330,535,381,98,"자동(외곽 40, 내부 100)"
011,011_Hood_Up,AM_Hood_Up,15_TOGGLES,ROOT/BODY_ROOT/DFM_BODY_XY/DFM_BODY_Z/DFM_NECK/HEAD_ROOT/DFM_HEAD_XY/DFM_HEAD_Z/HEAD_ACCESSORIES,standard,ParamHood,ParamHood=1,Normal,False,False,False,1159,196,718,626,"자동(외곽 40, 내부 100)"
012,012_FX_Emote_Anger,AM_FX_Emote_Anger,14_EXPRESSIONS,ROOT/BODY_ROOT/DFM_BODY_XY/DFM_BODY_Z/DFM_NECK/HEAD_ROOT/HEAD_FX,simple,ParamEmoteAnger,ParamEmoteAnger=1,Normal,False,False,False,1858,298,124,124,"자동(외곽 60, 내부 200) 또는 사각 4정점"
013,013_FX_Emote_Sweat,AM_FX_Emote_Sweat,14_EXPRESSIONS,ROOT/BODY_ROOT/DFM_BODY_XY/DFM_BODY_Z/DFM_NECK/HEAD_ROOT/HEAD_FX,simple,ParamEmoteSweat,ParamEmoteSweat=1,Normal,False,False,False,1878,372,85,127,"자동(외곽 60, 내부 200) 또는 사각 4정점"
014,014_FX_Emote_Heart,AM_FX_Emote_Heart,14_EXPRESSIONS,ROOT/BODY_ROOT/DFM_BODY_XY/DFM_BODY_Z/DFM_NECK/HEAD_ROOT/HEAD_FX,simple,ParamEmoteHeart,ParamEmoteHeart=1,Normal,False,False,False,1914,264,133,133,"자동(외곽 60, 내부 200) 또는 사각 4정점"
015,015_FX_Glitch_Block_2,AM_FX_Glitch_Block_2,13_FRONT_FX,ROOT/BODY_ROOT/DFM_BODY_XY/DFM_BODY_Z/DFM_NECK/HEAD_ROOT/HEAD_FX,simple,ParamGlitch,ParamGlitch=1,Normal,False,False,False,1410,615,330,42,"자동(외곽 60, 내부 200) 또는 사각 4정점"
016,016_FX_Glitch_Block_1,AM_FX_Glitch_Block_1,13_FRONT_FX,ROOT/BODY_ROOT/DFM_BODY_XY/DFM_BODY_Z/DFM_NECK/HEAD_ROOT/HEAD_FX,simple,ParamGlitch,ParamGlitch=1,Normal,False,False,False,1332,450,270,54,"자동(외곽 60, 내부 200) 또는 사각 4정점"
017,017_FX_Glitch_Overlay,AM_FX_Glitch_Overlay,13_FRONT_FX,ROOT/BODY_ROOT/DFM_BODY_XY/DFM_BODY_Z/DFM_NECK/HEAD_ROOT/HEAD_FX,simple,ParamGlitch,ParamGlitch=1,Additive,False,False,False,1140,120,780,770,"자동(외곽 60, 내부 200) 또는 사각 4정점"
018,018_FX_Sparkle_Front,AM_FX_Sparkle_Front,13_FRONT_FX,ROOT/BODY_ROOT/DFM_BODY_XY/DFM_BODY_Z/DFM_NECK/HEAD_ROOT/HEAD_FX,simple,ParamEyeStar,ParamEyeStar=1,Additive,False,False,False,1086,150,1003,679,"자동(외곽 60, 내부 200) 또는 사각 4정점"
019,019_UI_Game_HUD,AM_UI_Game_HUD,12_UI,ROOT/UI_ROOT/DFM_UI_FLOAT,simple,ParamGame,ParamGame=1,Additive,False,False,False,2071,451,486,294,"자동(외곽 60, 내부 200) 또는 사각 4정점"
020,020_UI_Mobile_Frame,AM_UI_Mobile_Frame,12_UI,ROOT/UI_ROOT/DFM_UI_FLOAT,simple,ParamMobile,ParamMobile=1,Additive,False,False,False,2101,1261,579,351,"자동(외곽 60, 내부 200) 또는 사각 4정점"
021,021_UI_Signal_Low,AM_UI_Signal_Low,12_UI,ROOT/UI_ROOT/DFM_UI_FLOAT,simple,ParamLowBattery,ParamLowBattery=1,Additive,False,False,False,481,991,205,168,"자동(외곽 60, 내부 200) 또는 사각 4정점"
022,022_UI_Panel_R_Signal,AM_UI_Panel_R_Signal,12_UI,ROOT/UI_ROOT/DFM_UI_FLOAT,simple,ParamUI,ParamUI=1,Additive,True,False,False,481,991,211,168,"자동(외곽 60, 내부 200) 또는 사각 4정점"
023,023_UI_Panel_L_Battery_Low,AM_UI_Panel_L_Battery_Low,12_UI,ROOT/UI_ROOT/DFM_UI_FLOAT,simple,ParamLowBattery,ParamLowBattery=1,Additive,False,False,False,2221,991,220,103,"자동(외곽 60, 내부 200) 또는 사각 4정점"
024,024_UI_Panel_L_Battery,AM_UI_Panel_L_Battery,12_UI,ROOT/UI_ROOT/DFM_UI_FLOAT,simple,ParamUI,ParamUI=1,Additive,True,False,False,2221,991,230,103,"자동(외곽 60, 내부 200) 또는 사각 4정점"
025,025_Drone_Trail_OC,AM_Drone_Trail_OC,11_PIP,ROOT/PIP_ROOT/DFM_PIP_FLOAT,simple,ParamPipX;ParamPipY;ParamOverclock,ParamOverclock=1,Additive,False,False,False,466,360,488,134,"자동(외곽 60, 내부 200) 또는 사각 4정점"
026,026_Pip_Glow,AM_Pip_Glow,11_PIP,ROOT/PIP_ROOT/DFM_PIP_FLOAT,simple,ParamPipX;ParamPipY;ParamPip,ParamPip=1,Additive,True,False,False,843,613,206,308,"자동(외곽 60, 내부 200) 또는 사각 4정점"
027,027_Drone_Eye,AM_Drone_Eye,11_PIP,ROOT/PIP_ROOT/DFM_PIP_FLOAT,simple,ParamPipX;ParamPipY;ParamPip,ParamPip=1,Normal,True,False,False,860,629,173,116,"자동(외곽 60, 내부 200) 또는 사각 4정점"
028,028_Drone_Antenna,AM_Drone_Antenna,11_PIP,ROOT/PIP_ROOT/DFM_PIP_FLOAT/DFM_PIP_ANTENNA,simple,ParamPipX;ParamPipY;ParamPipAntenna;ParamPip,ParamPip=1,Normal,True,True,False,710,425,400,209,"자동(외곽 60, 내부 200) 또는 사각 4정점"
029,029_Drone_Body,AM_Drone_Body,11_PIP,ROOT/PIP_ROOT/DFM_PIP_FLOAT,simple,ParamPipX;ParamPipY;ParamPip,ParamPip=1,Normal,True,False,False,710,425,413,416,"자동(외곽 60, 내부 200) 또는 사각 4정점"
030,030_Pip_Hover_Ring,AM_Pip_Hover_Ring,11_PIP,ROOT/PIP_ROOT/DFM_PIP_FLOAT,simple,ParamPipX;ParamPipY;ParamPip,ParamPip=1,Normal,True,False,False,881,833,151,68,"자동(외곽 60, 내부 200) 또는 사각 4정점"
031,031_Hair_Inner_Glow,AM_Hair_Inner_Glow,10_FRONT_HAIR,ROOT/BODY_ROOT/DFM_BODY_XY/DFM_BODY_Z/DFM_NECK/HEAD_ROOT/DFM_HEAD_XY/DFM_HEAD_Z/FRONT_HAIR/DFM_HAIR_FRONT,hair_strand,ParamHairFront,,Additive,True,False,False,1206,374,614,451,"자동(경계 여백 8, 외곽 간격 40, 내부 간격 80) + 뿌리→끝 3~5단 세로 분할"
032,032_Hair_Front_Ahoge,AM_Hair_Front_Ahoge,10_FRONT_HAIR,ROOT/BODY_ROOT/DFM_BODY_XY/DFM_BODY_Z/DFM_NECK/HEAD_ROOT/DFM_HEAD_XY/DFM_HEAD_Z/FRONT_HAIR/DFM_HAIR_AHOGE,hair_strand,ParamAhoge,,Normal,True,True,False,1414,198,176,83,"자동(경계 여백 8, 외곽 간격 40, 내부 간격 80) + 뿌리→끝 3~5단 세로 분할"
033,033_Hair_Front_Center_Strand,AM_Hair_Front_Center_Strand,10_FRONT_HAIR,ROOT/BODY_ROOT/DFM_BODY_XY/DFM_BODY_Z/DFM_NECK/HEAD_ROOT/DFM_HEAD_XY/DFM_HEAD_Z/FRONT_HAIR/DFM_HAIR_FRONT,hair_strand,ParamHairFront,,Normal,True,True,False,1483,515,59,111,"자동(경계 여백 8, 외곽 간격 40, 내부 간격 80) + 뿌리→끝 3~5단 세로 분할"
034,034_Hair_Front_C,AM_Hair_Front_C,10_FRONT_HAIR,ROOT/BODY_ROOT/DFM_BODY_XY/DFM_BODY_Z/DFM_NECK/HEAD_ROOT/DFM_HEAD_XY/DFM_HEAD_Z/FRONT_HAIR/DFM_HAIR_FRONT_C,hair_strand,ParamHairFront,,Normal,True,True,False,1457,270,114,396,"자동(경계 여백 8, 외곽 간격 40, 내부 간격 80) + 뿌리→끝 3~5단 세로 분할"
035,035_Hair_Front_L,AM_Hair_Front_L,10_FRONT_HAIR,ROOT/BODY_ROOT/DFM_BODY_XY/DFM_BODY_Z/DFM_NECK/HEAD_ROOT/DFM_HEAD_XY/DFM_HEAD_Z/FRONT_HAIR/DFM_HAIR_FRONT_L,hair_strand,ParamHairFront,,Normal,True,True,False,1559,269,147,413,"자동(경계 여백 8, 외곽 간격 40, 내부 간격 80) + 뿌리→끝 3~5단 세로 분할"
036,036_Hair_Front_R,AM_Hair_Front_R,10_FRONT_HAIR,ROOT/BODY_ROOT/DFM_BODY_XY/DFM_BODY_Z/DFM_NECK/HEAD_ROOT/DFM_HEAD_XY/DFM_HEAD_Z/FRONT_HAIR/DFM_HAIR_FRONT_R,hair_strand,ParamHairFront,,Normal,True,True,False,1342,273,128,429,"자동(경계 여백 8, 외곽 간격 40, 내부 간격 80) + 뿌리→끝 3~5단 세로 분할"
037,037_Hair_Temple_L,AM_Hair_Temple_L,10_FRONT_HAIR,ROOT/BODY_ROOT/DFM_BODY_XY/DFM_BODY_Z/DFM_NECK/HEAD_ROOT/DFM_HEAD_XY/DFM_HEAD_Z/FRONT_HAIR/DFM_HAIR_FRONT,hair_strand,ParamHairFront,,Normal,True,True,False,1675,466,50,166,"자동(경계 여백 8, 외곽 간격 40, 내부 간격 80) + 뿌리→끝 3~5단 세로 분할"
038,038_Hair_Temple_R,AM_Hair_Temple_R,10_FRONT_HAIR,ROOT/BODY_ROOT/DFM_BODY_XY/DFM_BODY_Z/DFM_NECK/HEAD_ROOT/DFM_HEAD_XY/DFM_HEAD_Z/FRONT_HAIR/DFM_HAIR_FRONT,hair_strand,ParamHairFront,,Normal,True,True,False,1315,490,58,165,"자동(경계 여백 8, 외곽 간격 40, 내부 간격 80) + 뿌리→끝 3~5단 세로 분할"
039,039_Hair_Side_L_Upper,AM_Hair_Side_L_Upper,10_FRONT_HAIR,ROOT/BODY_ROOT/DFM_BODY_XY/DFM_BODY_Z/DFM_NECK/HEAD_ROOT/DFM_HEAD_XY/DFM_HEAD_Z/SIDE_HAIR/DFM_HAIR_SIDE_L,hair_strand,ParamHairSide,,Normal,True,True,False,1693,326,145,267,"자동(경계 여백 8, 외곽 간격 40, 내부 간격 80) + 뿌리→끝 3~5단 세로 분할"
040,040_Hair_Side_R_Upper,AM_Hair_Side_R_Upper,10_FRONT_HAIR,ROOT/BODY_ROOT/DFM_BODY_XY/DFM_BODY_Z/DFM_NECK/HEAD_ROOT/DFM_HEAD_XY/DFM_HEAD_Z/SIDE_HAIR/DFM_HAIR_SIDE_R,hair_strand,ParamHairSide,,Normal,True,True,False,1177,309,173,320,"자동(경계 여백 8, 외곽 간격 40, 내부 간격 80) + 뿌리→끝 3~5단 세로 분할"
041,041_Hair_Side_L_Lower,AM_Hair_Side_L_Lower,10_FRONT_HAIR,ROOT/BODY_ROOT/DFM_BODY_XY/DFM_BODY_Z/DFM_NECK/HEAD_ROOT/DFM_HEAD_XY/DFM_HEAD_Z/SIDE_HAIR/DFM_HAIR_SIDE_L,hair_strand,ParamHairSide,,Normal,True,True,False,1704,588,108,188,"자동(경계 여백 8, 외곽 간격 40, 내부 간격 80) + 뿌리→끝 3~5단 세로 분할"
042,042_Hair_Side_R_Lower,AM_Hair_Side_R_Lower,10_FRONT_HAIR,ROOT/BODY_ROOT/DFM_BODY_XY/DFM_BODY_Z/DFM_NECK/HEAD_ROOT/DFM_HEAD_XY/DFM_HEAD_Z/SIDE_HAIR/DFM_HAIR_SIDE_R,hair_strand,ParamHairSide,,Normal,True,True,False,1205,620,153,194,"자동(경계 여백 8, 외곽 간격 40, 내부 간격 80) + 뿌리→끝 3~5단 세로 분할"
043,043_Hair_Front_Shadow,AM_Hair_Front_Shadow,10_FRONT_HAIR,ROOT/BODY_ROOT/DFM_BODY_XY/DFM_BODY_Z/DFM_NECK/HEAD_ROOT/DFM_HEAD_XY/DFM_HEAD_Z/FRONT_HAIR/DFM_HAIR_FRONT,hair_strand,ParamHairFront,,Normal,True,False,False,1360,459,306,236,"자동(경계 여백 8, 외곽 간격 40, 내부 간격 80) + 뿌리→끝 3~5단 세로 분할"
044,044_Headset_Mic,AM_Headset_Mic,09_HEADSET,ROOT/BODY_ROOT/DFM_BODY_XY/DFM_BODY_Z/DFM_NECK/HEAD_ROOT/DFM_HEAD_XY/DFM_HEAD_Z/HEAD_ACCESSORIES/DFM_MIC,standard,ParamMic,ParamMic=1,Normal,True,True,False,1591,646,107,104,"자동(외곽 40, 내부 100)"
045,045_Headset_Cup_Glow,AM_Headset_Cup_Glow,09_HEADSET,ROOT/BODY_ROOT/DFM_BODY_XY/DFM_BODY_Z/DFM_NECK/HEAD_ROOT/DFM_HEAD_XY/DFM_HEAD_Z/HEAD_ACCESSORIES,standard,ParamHeadset,ParamHeadset=1,Additive,True,False,False,1243,530,526,174,"자동(외곽 40, 내부 100)"
046,046_Headset_Cup_L,AM_Headset_Cup_L,09_HEADSET,ROOT/BODY_ROOT/DFM_BODY_XY/DFM_BODY_Z/DFM_NECK/HEAD_ROOT/DFM_HEAD_XY/DFM_HEAD_Z/HEAD_ACCESSORIES,standard,ParamHeadset,ParamHeadset=1,Normal,True,False,True,1692,528,71,155,"자동(외곽 40, 내부 100)"
047,047_Headset_Cup_R,AM_Headset_Cup_R,09_HEADSET,ROOT/BODY_ROOT/DFM_BODY_XY/DFM_BODY_Z/DFM_NECK/HEAD_ROOT/DFM_HEAD_XY/DFM_HEAD_Z/HEAD_ACCESSORIES,standard,ParamHeadset,ParamHeadset=1,Normal,True,False,True,1252,544,113,167,"자동(외곽 40, 내부 100)"
048,048_Headset_Band,AM_Headset_Band,09_HEADSET,ROOT/BODY_ROOT/DFM_BODY_XY/DFM_BODY_Z/DFM_NECK/HEAD_ROOT/DFM_HEAD_XY/DFM_HEAD_Z/HEAD_ACCESSORIES,standard,ParamHeadset,ParamHeadset=1,Normal,True,False,False,1280,274,242,264,"자동(외곽 40, 내부 100)"
049,049_Hair_Under_Headset,AM_Hair_Under_Headset,09_HEADSET,ROOT/BODY_ROOT/DFM_BODY_XY/DFM_BODY_Z/DFM_NECK/HEAD_ROOT/DFM_HEAD_XY/DFM_HEAD_Z/SIDE_HAIR/DFM_HAIR_SIDE_LR,hair_strand,ParamHairSide,,Normal,True,True,True,1244,268,527,489,"자동(경계 여백 8, 외곽 간격 40, 내부 간격 80) + 뿌리→끝 3~5단 세로 분할"
050,050_Mouth_Wavy,AM_Mouth_Wavy,08_MOUTH,ROOT/BODY_ROOT/DFM_BODY_XY/DFM_BODY_Z/DFM_NECK/HEAD_ROOT/DFM_HEAD_XY/DFM_HEAD_Z/FACE/MOUTH/DFM_MOUTH,mouth_fine,ParamMouthOpenY;ParamMouthForm;ParamMouthShape,ParamMouthShape=-1 & Open 0.1–0.3,Normal,False,False,False,1462,688,115,47,"수동: 입꼬리 좌우 + 윗/아랫입술선 각 6정점, 내부 2열"
051,051_Mouth_Grin_Mischief,AM_Mouth_Grin_Mischief,08_MOUTH,ROOT/BODY_ROOT/DFM_BODY_XY/DFM_BODY_Z/DFM_NECK/HEAD_ROOT/DFM_HEAD_XY/DFM_HEAD_Z/FACE/MOUTH/DFM_MOUTH,mouth_fine,ParamMouthOpenY;ParamMouthForm,ParamMouthForm=+1 & Open 0.2–0.5,Normal,False,False,False,1462,688,115,47,"수동: 입꼬리 좌우 + 윗/아랫입술선 각 6정점, 내부 2열"
052,052_Mouth_Pout,AM_Mouth_Pout,08_MOUTH,ROOT/BODY_ROOT/DFM_BODY_XY/DFM_BODY_Z/DFM_NECK/HEAD_ROOT/DFM_HEAD_XY/DFM_HEAD_Z/FACE/MOUTH/DFM_MOUTH,mouth_fine,ParamMouthOpenY;ParamMouthForm,ParamMouthForm=-1 & Open<0.1,Normal,False,False,False,1462,688,115,47,"수동: 입꼬리 좌우 + 윗/아랫입술선 각 6정점, 내부 2열"
053,053_Mouth_Closed_Smile,AM_Mouth_Closed_Smile,08_MOUTH,ROOT/BODY_ROOT/DFM_BODY_XY/DFM_BODY_Z/DFM_NECK/HEAD_ROOT/DFM_HEAD_XY/DFM_HEAD_Z/FACE/MOUTH/DFM_MOUTH,mouth_fine,ParamMouthOpenY;ParamMouthForm,ParamMouthOpenY=0 (Open<0.1),Normal,False,False,False,1462,688,115,47,"수동: 입꼬리 좌우 + 윗/아랫입술선 각 6정점, 내부 2열"
054,054_Mouth_Line_Lower,AM_Mouth_Line_Lower,08_MOUTH,ROOT/BODY_ROOT/DFM_BODY_XY/DFM_BODY_Z/DFM_NECK/HEAD_ROOT/DFM_HEAD_XY/DFM_HEAD_Z/FACE/MOUTH/DFM_MOUTH,mouth_fine,ParamMouthOpenY;ParamMouthForm,,Normal,True,False,False,1476,701,85,12,"수동: 입꼬리 좌우 + 윗/아랫입술선 각 6정점, 내부 2열"
055,055_Mouth_Line_Upper,AM_Mouth_Line_Upper,08_MOUTH,ROOT/BODY_ROOT/DFM_BODY_XY/DFM_BODY_Z/DFM_NECK/HEAD_ROOT/DFM_HEAD_XY/DFM_HEAD_Z/FACE/MOUTH/DFM_MOUTH,mouth_fine,ParamMouthOpenY;ParamMouthForm,,Normal,True,False,False,1470,694,98,15,"수동: 입꼬리 좌우 + 윗/아랫입술선 각 6정점, 내부 2열"
056,056_Mouth_Teeth_Upper,AM_Mouth_Teeth_Upper,08_MOUTH,ROOT/BODY_ROOT/DFM_BODY_XY/DFM_BODY_Z/DFM_NECK/HEAD_ROOT/DFM_HEAD_XY/DFM_HEAD_Z/FACE/MOUTH/DFM_MOUTH,mouth_fine,ParamMouthOpenY;ParamMouthForm,,Normal,True,False,False,1471,693,100,21,"수동: 입꼬리 좌우 + 윗/아랫입술선 각 6정점, 내부 2열"
057,057_Mouth_Teeth_Lower,AM_Mouth_Teeth_Lower,08_MOUTH,ROOT/BODY_ROOT/DFM_BODY_XY/DFM_BODY_Z/DFM_NECK/HEAD_ROOT/DFM_HEAD_XY/DFM_HEAD_Z/FACE/MOUTH/DFM_MOUTH,mouth_fine,ParamMouthOpenY;ParamMouthForm,,Normal,True,False,True,1491,707,58,15,"수동: 입꼬리 좌우 + 윗/아랫입술선 각 6정점, 내부 2열"
058,058_Mouth_Tongue,AM_Mouth_Tongue,08_MOUTH,ROOT/BODY_ROOT/DFM_BODY_XY/DFM_BODY_Z/DFM_NECK/HEAD_ROOT/DFM_HEAD_XY/DFM_HEAD_Z/FACE/MOUTH/DFM_MOUTH,mouth_fine,ParamMouthOpenY;ParamMouthForm,,Normal,True,False,False,1481,707,78,19,"수동: 입꼬리 좌우 + 윗/아랫입술선 각 6정점, 내부 2열"
059,059_Mouth_Inside,AM_Mouth_Inside,08_MOUTH,ROOT/BODY_ROOT/DFM_BODY_XY/DFM_BODY_Z/DFM_NECK/HEAD_ROOT/DFM_HEAD_XY/DFM_HEAD_Z/FACE/MOUTH/DFM_MOUTH,mouth_fine,ParamMouthOpenY;ParamMouthForm,,Normal,True,False,True,1468,693,103,33,"수동: 입꼬리 좌우 + 윗/아랫입술선 각 6정점, 내부 2열"
060,060_Brow_L,AM_Brow_L,07_BROWS,ROOT/BODY_ROOT/DFM_BODY_XY/DFM_BODY_Z/DFM_NECK/HEAD_ROOT/DFM_HEAD_XY/DFM_HEAD_Z/FACE/BROWS/DFM_BROW_L,brow,ParamBrowLY;ParamBrowLAngle;ParamBrowLForm,,Normal,True,False,True,1552,510,116,24,"자동(경계 여백 6, 간격 20) 후 길이방향 6정점"
061,061_Brow_R,AM_Brow_R,07_BROWS,ROOT/BODY_ROOT/DFM_BODY_XY/DFM_BODY_Z/DFM_NECK/HEAD_ROOT/DFM_HEAD_XY/DFM_HEAD_Z/FACE/BROWS/DFM_BROW_R,brow,ParamBrowRY;ParamBrowRAngle;ParamBrowRForm,,Normal,True,False,True,1366,522,113,16,"자동(경계 여백 6, 간격 20) 후 길이방향 6정점"
062,062_Tear_Stream,AM_Tear_Stream,06_EYES,ROOT/BODY_ROOT/DFM_BODY_XY/DFM_BODY_Z/DFM_NECK/HEAD_ROOT/DFM_HEAD_XY/DFM_HEAD_Z/FACE/EYES/DFM_EYES,standard,ParamEyeLOpen;ParamTears,ParamTears=1,Normal,False,False,False,1384,597,257,116,"자동(외곽 40, 내부 100)"
063,063_Eye_Tears_Pool,AM_Eye_Tears_Pool,06_EYES,ROOT/BODY_ROOT/DFM_BODY_XY/DFM_BODY_Z/DFM_NECK/HEAD_ROOT/DFM_HEAD_XY/DFM_HEAD_Z/FACE/EYES/DFM_EYES,standard,ParamEyeLOpen;ParamTears,ParamTears=1,Normal,False,False,False,1376,584,270,31,"자동(외곽 40, 내부 100)"
064,064_Eye_Flat_Deadpan,AM_Eye_Flat_Deadpan,06_EYES,ROOT/BODY_ROOT/DFM_BODY_XY/DFM_BODY_Z/DFM_NECK/HEAD_ROOT/DFM_HEAD_XY/DFM_HEAD_Z/FACE/EYES/DFM_EYES,standard,ParamEyeLOpen;ParamDeadpan,ParamDeadpan=1,Normal,False,False,False,1366,555,289,41,"자동(외곽 40, 내부 100)"
065,065_Eye_Star_Sparkle,AM_Eye_Star_Sparkle,06_EYES,ROOT/BODY_ROOT/DFM_BODY_XY/DFM_BODY_Z/DFM_NECK/HEAD_ROOT/DFM_HEAD_XY/DFM_HEAD_Z/FACE/EYES/DFM_EYES,standard,ParamEyeLOpen;ParamEyeStar,ParamEyeStar=1,Normal,False,False,False,1400,559,228,53,"자동(외곽 40, 내부 100)"
066,066_Eye_L_Closed_Smile,AM_Eye_L_Closed_Smile,06_EYES,ROOT/BODY_ROOT/DFM_BODY_XY/DFM_BODY_Z/DFM_NECK/HEAD_ROOT/DFM_HEAD_XY/DFM_HEAD_Z/FACE/EYES/DFM_EYE_L,standard,ParamEyeLOpen;ParamEyeLSmile,ParamEyeLSmile=1,Normal,False,False,False,1561,569,83,23,"자동(외곽 40, 내부 100)"
067,067_Eye_L_Closed_Line,AM_Eye_L_Closed_Line,06_EYES,ROOT/BODY_ROOT/DFM_BODY_XY/DFM_BODY_Z/DFM_NECK/HEAD_ROOT/DFM_HEAD_XY/DFM_HEAD_Z/FACE/EYES/DFM_EYE_L,eye_fine,ParamEyeLOpen,,Normal,False,False,False,1556,574,92,19,"수동: 눈꺼풀 라인 따라 8–10정점, 상하 2열 (감기 변형용)"
068,068_Eye_L_Line_Lower,AM_Eye_L_Line_Lower,06_EYES,ROOT/BODY_ROOT/DFM_BODY_XY/DFM_BODY_Z/DFM_NECK/HEAD_ROOT/DFM_HEAD_XY/DFM_HEAD_Z/FACE/EYES/DFM_EYE_L,eye_fine,ParamEyeLOpen,,Normal,True,False,False,1622,579,37,24,"수동: 눈꺼풀 라인 따라 8–10정점, 상하 2열 (감기 변형용)"
069,069_Eye_L_Lash_Upper,AM_Eye_L_Lash_Upper,06_EYES,ROOT/BODY_ROOT/DFM_BODY_XY/DFM_BODY_Z/DFM_NECK/HEAD_ROOT/DFM_HEAD_XY/DFM_HEAD_Z/FACE/EYES/DFM_EYE_L,eye_fine,ParamEyeLOpen,,Normal,True,False,False,1570,548,93,32,"수동: 눈꺼풀 라인 따라 8–10정점, 상하 2열 (감기 변형용)"
070,070_Eye_L_Lid_Skin,AM_Eye_L_Lid_Skin,06_EYES,ROOT/BODY_ROOT/DFM_BODY_XY/DFM_BODY_Z/DFM_NECK/HEAD_ROOT/DFM_HEAD_XY/DFM_HEAD_Z/FACE/EYES/DFM_EYE_L,eye_fine,ParamEyeLOpen,,Normal,False,False,True,1546,553,113,52,"수동: 눈꺼풀 라인 따라 8–10정점, 상하 2열 (감기 변형용)"
071,071_Eye_L_Highlight,AM_Eye_L_Highlight,06_EYES,ROOT/BODY_ROOT/DFM_BODY_XY/DFM_BODY_Z/DFM_NECK/HEAD_ROOT/DFM_HEAD_XY/DFM_HEAD_Z/FACE/EYES/DFM_EYE_L/DFM_EYEBALL_L,standard,ParamEyeLOpen;ParamEyeBallX;ParamEyeBallY,,Normal,True,False,False,1576,561,57,47,"자동(외곽 40, 내부 100)"
072,072_Eye_L_Pupil,AM_Eye_L_Pupil,06_EYES,ROOT/BODY_ROOT/DFM_BODY_XY/DFM_BODY_Z/DFM_NECK/HEAD_ROOT/DFM_HEAD_XY/DFM_HEAD_Z/FACE/EYES/DFM_EYE_L/DFM_EYEBALL_L,standard,ParamEyeLOpen;ParamEyeBallX;ParamEyeBallY,,Normal,True,False,False,1600,565,13,20,"자동(외곽 40, 내부 100)"
073,073_Eye_L_Iris,AM_Eye_L_Iris,06_EYES,ROOT/BODY_ROOT/DFM_BODY_XY/DFM_BODY_Z/DFM_NECK/HEAD_ROOT/DFM_HEAD_XY/DFM_HEAD_Z/FACE/EYES/DFM_EYE_L/DFM_EYEBALL_L,standard,ParamEyeLOpen;ParamEyeBallX;ParamEyeBallY,,Normal,True,False,True,1576,553,59,55,"자동(외곽 40, 내부 100)"
074,074_Eye_L_White,AM_Eye_L_White,06_EYES,ROOT/BODY_ROOT/DFM_BODY_XY/DFM_BODY_Z/DFM_NECK/HEAD_ROOT/DFM_HEAD_XY/DFM_HEAD_Z/FACE/EYES/DFM_EYE_L,eye_fine,ParamEyeLOpen,,Normal,True,False,True,1560,551,104,53,"수동: 눈꺼풀 라인 따라 8–10정점, 상하 2열 (감기 변형용)"
075,075_Eye_R_Closed_Smile,AM_Eye_R_Closed_Smile,06_EYES,ROOT/BODY_ROOT/DFM_BODY_XY/DFM_BODY_Z/DFM_NECK/HEAD_ROOT/DFM_HEAD_XY/DFM_HEAD_Z/FACE/EYES/DFM_EYE_R,standard,ParamEyeROpen;ParamEyeRSmile,ParamEyeRSmile=1,Normal,False,False,False,1377,581,83,22,"자동(외곽 40, 내부 100)"
076,076_Eye_R_Closed_Line,AM_Eye_R_Closed_Line,06_EYES,ROOT/BODY_ROOT/DFM_BODY_XY/DFM_BODY_Z/DFM_NECK/HEAD_ROOT/DFM_HEAD_XY/DFM_HEAD_Z/FACE/EYES/DFM_EYE_R,eye_fine,ParamEyeROpen,,Normal,False,False,False,1372,586,93,18,"수동: 눈꺼풀 라인 따라 8–10정점, 상하 2열 (감기 변형용)"
077,077_Eye_R_Line_Lower,AM_Eye_R_Line_Lower,06_EYES,ROOT/BODY_ROOT/DFM_BODY_XY/DFM_BODY_Z/DFM_NECK/HEAD_ROOT/DFM_HEAD_XY/DFM_HEAD_Z/FACE/EYES/DFM_EYE_R,eye_fine,ParamEyeROpen,,Normal,True,False,False,1372,597,79,23,"수동: 눈꺼풀 라인 따라 8–10정점, 상하 2열 (감기 변형용)"
078,078_Eye_R_Lash_Upper,AM_Eye_R_Lash_Upper,06_EYES,ROOT/BODY_ROOT/DFM_BODY_XY/DFM_BODY_Z/DFM_NECK/HEAD_ROOT/DFM_HEAD_XY/DFM_HEAD_Z/FACE/EYES/DFM_EYE_R,eye_fine,ParamEyeROpen,,Normal,True,False,False,1360,562,109,34,"수동: 눈꺼풀 라인 따라 8–10정점, 상하 2열 (감기 변형용)"
079,079_Eye_R_Lid_Skin,AM_Eye_R_Lid_Skin,06_EYES,ROOT/BODY_ROOT/DFM_BODY_XY/DFM_BODY_Z/DFM_NECK/HEAD_ROOT/DFM_HEAD_XY/DFM_HEAD_Z/FACE/EYES/DFM_EYE_R,eye_fine,ParamEyeROpen,,Normal,False,False,True,1362,565,114,52,"수동: 눈꺼풀 라인 따라 8–10정점, 상하 2열 (감기 변형용)"
080,080_Eye_R_Highlight,AM_Eye_R_Highlight,06_EYES,ROOT/BODY_ROOT/DFM_BODY_XY/DFM_BODY_Z/DFM_NECK/HEAD_ROOT/DFM_HEAD_XY/DFM_HEAD_Z/FACE/EYES/DFM_EYE_R/DFM_EYEBALL_R,standard,ParamEyeROpen;ParamEyeBallX;ParamEyeBallY,,Normal,True,False,False,1394,573,58,45,"자동(외곽 40, 내부 100)"
081,081_Eye_R_Pupil,AM_Eye_R_Pupil,06_EYES,ROOT/BODY_ROOT/DFM_BODY_XY/DFM_BODY_Z/DFM_NECK/HEAD_ROOT/DFM_HEAD_XY/DFM_HEAD_Z/FACE/EYES/DFM_EYE_R/DFM_EYEBALL_R,standard,ParamEyeROpen;ParamEyeBallX;ParamEyeBallY,,Normal,True,False,False,1414,579,17,18,"자동(외곽 40, 내부 100)"
082,082_Eye_R_Iris,AM_Eye_R_Iris,06_EYES,ROOT/BODY_ROOT/DFM_BODY_XY/DFM_BODY_Z/DFM_NECK/HEAD_ROOT/DFM_HEAD_XY/DFM_HEAD_Z/FACE/EYES/DFM_EYE_R/DFM_EYEBALL_R,standard,ParamEyeROpen;ParamEyeBallX;ParamEyeBallY,,Normal,True,False,True,1394,563,58,55,"자동(외곽 40, 내부 100)"
083,083_Eye_R_White,AM_Eye_R_White,06_EYES,ROOT/BODY_ROOT/DFM_BODY_XY/DFM_BODY_Z/DFM_NECK/HEAD_ROOT/DFM_HEAD_XY/DFM_HEAD_Z/FACE/EYES/DFM_EYE_R,eye_fine,ParamEyeROpen,,Normal,True,False,True,1360,562,114,57,"수동: 눈꺼풀 라인 따라 8–10정점, 상하 2열 (감기 변형용)"
084,084_Face_Mark_Circuit,AM_Face_Mark_Circuit,05_FACE,ROOT/BODY_ROOT/DFM_BODY_XY/DFM_BODY_Z/DFM_NECK/HEAD_ROOT/DFM_HEAD_XY/DFM_HEAD_Z/FACE/DFM_FACE,standard,ParamAngleX;ParamAngleY;ParamFaceMark,ParamFaceMark=1,Normal,True,False,False,1615,607,28,14,"자동(외곽 40, 내부 100)"
085,085_Face_Shadow_Dark,AM_Face_Shadow_Dark,05_FACE,ROOT/BODY_ROOT/DFM_BODY_XY/DFM_BODY_Z/DFM_NECK/HEAD_ROOT/DFM_HEAD_XY/DFM_HEAD_Z/FACE/DFM_FACE,standard,ParamAngleX;ParamAngleY;ParamShadowDark,ParamShadowDark=1,Normal,False,False,False,1344,473,362,157,"자동(외곽 40, 내부 100)"
086,086_Face_Blush_Strong,AM_Face_Blush_Strong,05_FACE,ROOT/BODY_ROOT/DFM_BODY_XY/DFM_BODY_Z/DFM_NECK/HEAD_ROOT/DFM_HEAD_XY/DFM_HEAD_Z/FACE/DFM_FACE,standard,ParamAngleX;ParamAngleY;ParamBlushStrong,ParamBlushStrong=1,Normal,False,False,False,1354,614,327,57,"자동(외곽 40, 내부 100)"
087,087_Face_Blush,AM_Face_Blush,05_FACE,ROOT/BODY_ROOT/DFM_BODY_XY/DFM_BODY_Z/DFM_NECK/HEAD_ROOT/DFM_HEAD_XY/DFM_HEAD_Z/FACE/DFM_FACE,standard,ParamAngleX;ParamAngleY,,Normal,True,False,False,1354,614,327,57,"자동(외곽 40, 내부 100)"
088,088_Nose,AM_Nose,05_FACE,ROOT/BODY_ROOT/DFM_BODY_XY/DFM_BODY_Z/DFM_NECK/HEAD_ROOT/DFM_HEAD_XY/DFM_HEAD_Z/FACE/DFM_FACE,standard,ParamAngleX;ParamAngleY,,Normal,True,False,False,1482,614,58,56,"자동(외곽 40, 내부 100)"
089,089_Face_Base,AM_Face_Base,05_FACE,ROOT/BODY_ROOT/DFM_BODY_XY/DFM_BODY_Z/DFM_NECK/HEAD_ROOT/DFM_HEAD_XY/DFM_HEAD_Z/FACE/DFM_FACE,face_fine,ParamAngleX;ParamAngleY,,Normal,True,False,True,1348,424,338,370,"수동: 외곽 1줄(간격 24px) + 내부 격자 48px, 눈·코·입 주변 16px 보조 정점, 턱끝·볼 정점 추가"
090,090_Ear_L,AM_Ear_L,05_FACE,ROOT/BODY_ROOT/DFM_BODY_XY/DFM_BODY_Z/DFM_NECK/HEAD_ROOT/DFM_HEAD_XY/DFM_HEAD_Z/FACE/DFM_FACE,standard,ParamAngleX;ParamAngleY,,Normal,True,False,True,1683,573,62,91,"자동(외곽 40, 내부 100)"
091,091_Ear_R,AM_Ear_R,05_FACE,ROOT/BODY_ROOT/DFM_BODY_XY/DFM_BODY_Z/DFM_NECK/HEAD_ROOT/DFM_HEAD_XY/DFM_HEAD_Z/FACE/DFM_FACE,standard,ParamAngleX;ParamAngleY,,Normal,True,False,True,1280,601,78,86,"자동(외곽 40, 내부 100)"
092,092_Sleeve_Cuff_Glow,AM_Sleeve_Cuff_Glow,04_CLOTHES,ROOT/BODY_ROOT/DFM_BODY_XY/DFM_BODY_Z/TORSO,standard,,,Additive,True,False,False,547,2046,1939,355,"자동(외곽 40, 내부 100)"
093,093_Sleeve_L_Strap,AM_Sleeve_L_Strap,04_CLOTHES,ROOT/BODY_ROOT/DFM_BODY_XY/DFM_BODY_Z/ARM_L/DFM_ARM_L/DFM_SLEEVE_L,limb,ParamArmLA;ParamSleeveL,,Normal,True,True,False,1928,1170,370,739,"자동(외곽 40, 내부 90) + 팔꿈치·손목 가로 루프"
094,094_Sleeve_L_Cuff,AM_Sleeve_L_Cuff,04_CLOTHES,ROOT/BODY_ROOT/DFM_BODY_XY/DFM_BODY_Z/ARM_L/DFM_ARM_L/DFM_SLEEVE_L,limb,ParamArmLA;ParamSleeveL,,Normal,True,True,False,2054,2060,416,347,"자동(외곽 40, 내부 90) + 팔꿈치·손목 가로 루프"
095,095_Arm_L_Forearm,AM_Arm_L_Forearm,04_CLOTHES,ROOT/BODY_ROOT/DFM_BODY_XY/DFM_BODY_Z/ARM_L/DFM_ARM_L,limb,ParamArmLA,,Normal,True,False,False,1937,1556,494,827,"자동(외곽 40, 내부 90) + 팔꿈치·손목 가로 루프"
096,096_Arm_L_Upper,AM_Arm_L_Upper,04_CLOTHES,ROOT/BODY_ROOT/DFM_BODY_XY/DFM_BODY_Z/ARM_L/DFM_ARM_L,limb,ParamArmLA,,Normal,True,False,False,1790,941,404,623,"자동(외곽 40, 내부 90) + 팔꿈치·손목 가로 루프"
097,097_Sleeve_R_Strap,AM_Sleeve_R_Strap,04_CLOTHES,ROOT/BODY_ROOT/DFM_BODY_XY/DFM_BODY_Z/ARM_R/DFM_ARM_R/DFM_SLEEVE_R,limb,ParamArmRA;ParamSleeveR,,Normal,True,True,False,735,1052,403,752,"자동(외곽 40, 내부 90) + 팔꿈치·손목 가로 루프"
098,098_Sleeve_R_Cuff,AM_Sleeve_R_Cuff,04_CLOTHES,ROOT/BODY_ROOT/DFM_BODY_XY/DFM_BODY_Z/ARM_R/DFM_ARM_R/DFM_SLEEVE_R,limb,ParamArmRA;ParamSleeveR,,Normal,True,True,False,563,2060,481,347,"자동(외곽 40, 내부 90) + 팔꿈치·손목 가로 루프"
099,099_Arm_R_Forearm,AM_Arm_R_Forearm,04_CLOTHES,ROOT/BODY_ROOT/DFM_BODY_XY/DFM_BODY_Z/ARM_R/DFM_ARM_R,limb,ParamArmRA,,Normal,True,False,False,602,1556,563,670,"자동(외곽 40, 내부 90) + 팔꿈치·손목 가로 루프"
100,100_Arm_R_Upper,AM_Arm_R_Upper,04_CLOTHES,ROOT/BODY_ROOT/DFM_BODY_XY/DFM_BODY_Z/ARM_R/DFM_ARM_R,limb,ParamArmRA,,Normal,True,False,False,845,938,452,626,"자동(외곽 40, 내부 90) + 팔꿈치·손목 가로 루프"
101,101_Drawstring_L,AM_Drawstring_L,04_CLOTHES,ROOT/BODY_ROOT/DFM_BODY_XY/DFM_BODY_Z/CLOTHES/DFM_DRAWSTRING,strip_dense,ParamDrawstring,,Normal,True,True,False,1679,996,83,583,자동 후 길이방향 6~8단 (굽힘용)
102,102_Drawstring_R,AM_Drawstring_R,04_CLOTHES,ROOT/BODY_ROOT/DFM_BODY_XY/DFM_BODY_Z/CLOTHES/DFM_DRAWSTRING,strip_dense,ParamDrawstring,,Normal,True,True,False,1265,996,80,592,자동 후 길이방향 6~8단 (굽힘용)
103,103_Jacket_Hood_Rim_Glow,AM_Jacket_Hood_Rim_Glow,04_CLOTHES,ROOT/BODY_ROOT/DFM_BODY_XY/DFM_BODY_Z/CLOTHES/DFM_JACKET,standard,ParamBreath,,Additive,True,False,False,1131,816,778,207,"자동(외곽 40, 내부 100)"
104,104_Jacket_Collar,AM_Jacket_Collar,04_CLOTHES,ROOT/BODY_ROOT/DFM_BODY_XY/DFM_BODY_Z/CLOTHES/DFM_JACKET,standard,ParamBreath,,Normal,True,False,False,1256,896,578,227,"자동(외곽 40, 내부 100)"
105,105_Jacket_Hem_L,AM_Jacket_Hem_L,04_CLOTHES,ROOT/BODY_ROOT/DFM_BODY_XY/DFM_BODY_Z/CLOTHES/DFM_HEM,strip_dense,ParamHem,,Normal,True,True,False,1640,2046,437,358,자동 후 길이방향 6~8단 (굽힘용)
106,106_Jacket_Hem_R,AM_Jacket_Hem_R,04_CLOTHES,ROOT/BODY_ROOT/DFM_BODY_XY/DFM_BODY_Z/CLOTHES/DFM_HEM,strip_dense,ParamHem,,Normal,True,True,False,1032,2160,388,243,자동 후 길이방향 6~8단 (굽힘용)
107,107_Jacket_Front_L,AM_Jacket_Front_L,04_CLOTHES,ROOT/BODY_ROOT/DFM_BODY_XY/DFM_BODY_Z/CLOTHES/DFM_JACKET,standard,ParamBreath,,Normal,True,False,False,1640,927,392,1348,"자동(외곽 40, 내부 100)"
108,108_Jacket_Front_R,AM_Jacket_Front_R,04_CLOTHES,ROOT/BODY_ROOT/DFM_BODY_XY/DFM_BODY_Z/CLOTHES/DFM_JACKET,standard,ParamBreath,,Normal,True,False,False,1040,941,380,1333,"자동(외곽 40, 내부 100)"
109,109_Jacket_Side_Under_Arm_L,AM_Jacket_Side_Under_Arm_L,04_CLOTHES,ROOT/BODY_ROOT/DFM_BODY_XY/DFM_BODY_Z/CLOTHES/DFM_JACKET,standard,ParamBreath,,Normal,True,False,True,1790,941,434,1222,"자동(외곽 40, 내부 100)"
110,110_Jacket_Side_Under_Arm_R,AM_Jacket_Side_Under_Arm_R,04_CLOTHES,ROOT/BODY_ROOT/DFM_BODY_XY/DFM_BODY_Z/CLOTHES/DFM_JACKET,standard,ParamBreath,,Normal,True,False,True,866,938,431,1343,"자동(외곽 40, 내부 100)"
111,111_Cable_Electric_Ribbon,AM_Cable_Electric_Ribbon,03_BODY,ROOT/BODY_ROOT/DFM_BODY_XY/DFM_BODY_Z/CABLE_ROOT/DFM_CABLE_1/DFM_CABLE_2,strip_dense,ParamCableSwingX;ParamCableSwingY,,Additive,True,False,False,1928,2220,344,875,자동 후 길이방향 6~8단 (굽힘용)
112,112_Cable_Tail_Plug,AM_Cable_Tail_Plug,03_BODY,ROOT/BODY_ROOT/DFM_BODY_XY/DFM_BODY_Z/CABLE_ROOT/DFM_CABLE_1/DFM_CABLE_2/DFM_CABLE_3,strip_dense,ParamCableSwingX;ParamCableSwingY,,Normal,True,True,False,2210,3071,140,383,자동 후 길이방향 6~8단 (굽힘용)
113,113_Cable_Tail_Seg2,AM_Cable_Tail_Seg2,03_BODY,ROOT/BODY_ROOT/DFM_BODY_XY/DFM_BODY_Z/CABLE_ROOT/DFM_CABLE_1/DFM_CABLE_2,strip_dense,ParamCableSwingX;ParamCableSwingY,,Normal,True,True,False,2015,2546,266,533,자동 후 길이방향 6~8단 (굽힘용)
114,114_Cable_Tail_Seg1,AM_Cable_Tail_Seg1,03_BODY,ROOT/BODY_ROOT/DFM_BODY_XY/DFM_BODY_Z/CABLE_ROOT/DFM_CABLE_1,strip_dense,ParamCableSwingX;ParamCableSwingY,,Normal,True,True,False,1901,2193,163,361,자동 후 길이방향 6~8단 (굽힘용)
115,115_Shoe_L,AM_Shoe_L,03_BODY,ROOT/BODY_ROOT/DFM_BODY_XY/DFM_BODY_Z/LOWER_BODY,standard,,,Normal,True,False,False,1691,3845,473,638,"자동(외곽 40, 내부 100)"
116,116_Shoe_R,AM_Shoe_R,03_BODY,ROOT/BODY_ROOT/DFM_BODY_XY/DFM_BODY_Z/LOWER_BODY,standard,,,Normal,True,False,False,863,3845,473,638,"자동(외곽 40, 내부 100)"
117,117_Pants_Strap_L,AM_Pants_Strap_L,03_BODY,ROOT/BODY_ROOT/DFM_BODY_XY/DFM_BODY_Z/LOWER_BODY,standard,,,Normal,True,True,False,1715,2099,104,452,"자동(외곽 40, 내부 100)"
118,118_Pants_Strap_R,AM_Pants_Strap_R,03_BODY,ROOT/BODY_ROOT/DFM_BODY_XY/DFM_BODY_Z/LOWER_BODY,standard,,,Normal,True,True,False,1040,2486,110,503,"자동(외곽 40, 내부 100)"
119,119_Pants_L,AM_Pants_L,03_BODY,ROOT/BODY_ROOT/DFM_BODY_XY/DFM_BODY_Z/LOWER_BODY,standard,,,Normal,True,False,True,1562,1916,578,1937,"자동(외곽 40, 내부 100)"
120,120_Pants_R,AM_Pants_R,03_BODY,ROOT/BODY_ROOT/DFM_BODY_XY/DFM_BODY_Z/LOWER_BODY,standard,,,Normal,True,False,True,995,1916,575,1937,"자동(외곽 40, 내부 100)"
121,121_Hand_L_Glove,AM_Hand_L_Glove,03_BODY,ROOT/BODY_ROOT/DFM_BODY_XY/DFM_BODY_Z/ARM_L/DFM_ARM_L,limb,ParamArmLA;ParamGlove,ParamGlove=1,Normal,True,False,False,2225,2222,170,289,"자동(외곽 40, 내부 90) + 팔꿈치·손목 가로 루프"
122,122_Hand_L,AM_Hand_L,03_BODY,ROOT/BODY_ROOT/DFM_BODY_XY/DFM_BODY_Z/ARM_L/DFM_ARM_L,limb,ParamArmLA,,Normal,True,False,True,2210,2252,227,323,"자동(외곽 40, 내부 90) + 팔꿈치·손목 가로 루프"
123,123_Hand_R_Glove,AM_Hand_R_Glove,03_BODY,ROOT/BODY_ROOT/DFM_BODY_XY/DFM_BODY_Z/ARM_R/DFM_ARM_R,limb,ParamArmRA;ParamGlove,ParamGlove=1,Normal,True,False,False,638,2210,170,301,"자동(외곽 40, 내부 90) + 팔꿈치·손목 가로 루프"
124,124_Hand_R,AM_Hand_R,03_BODY,ROOT/BODY_ROOT/DFM_BODY_XY/DFM_BODY_Z/ARM_R/DFM_ARM_R,limb,ParamArmRA,,Normal,True,False,True,597,2252,232,322,"자동(외곽 40, 내부 90) + 팔꿈치·손목 가로 루프"
125,125_Sleeve_L_Inner,AM_Sleeve_L_Inner,03_BODY,ROOT/BODY_ROOT/DFM_BODY_XY/DFM_BODY_Z/ARM_L/DFM_ARM_L/DFM_SLEEVE_L,limb,ParamArmLA;ParamSleeveL,,Normal,True,False,False,2082,2063,376,296,"자동(외곽 40, 내부 90) + 팔꿈치·손목 가로 루프"
126,126_Sleeve_R_Inner,AM_Sleeve_R_Inner,03_BODY,ROOT/BODY_ROOT/DFM_BODY_XY/DFM_BODY_Z/ARM_R/DFM_ARM_R/DFM_SLEEVE_R,limb,ParamArmRA;ParamSleeveR,,Normal,True,False,False,578,2063,377,296,"자동(외곽 40, 내부 90) + 팔꿈치·손목 가로 루프"
127,127_Arm_L_Under,AM_Arm_L_Under,03_BODY,ROOT/BODY_ROOT/DFM_BODY_XY/DFM_BODY_Z/ARM_L/DFM_ARM_L,limb,ParamArmLA,,Normal,True,False,True,1814,945,526,1459,"자동(외곽 40, 내부 90) + 팔꿈치·손목 가로 루프"
128,128_Arm_R_Under,AM_Arm_R_Under,03_BODY,ROOT/BODY_ROOT/DFM_BODY_XY/DFM_BODY_Z/ARM_R/DFM_ARM_R,limb,ParamArmRA,,Normal,True,False,True,701,938,557,1466,"자동(외곽 40, 내부 90) + 팔꿈치·손목 가로 루프"
129,129_Core_Glow,AM_Core_Glow,03_BODY,ROOT/BODY_ROOT/DFM_BODY_XY/DFM_BODY_Z/TORSO/DFM_BREATH,standard,ParamBreath;ParamCoreGlow,,Additive,True,False,False,1432,1037,177,211,"자동(외곽 40, 내부 100)"
130,130_Core_Face,AM_Core_Face,03_BODY,ROOT/BODY_ROOT/DFM_BODY_XY/DFM_BODY_Z/TORSO/DFM_BREATH,standard,ParamBreath;ParamCoreGlow,,Normal,True,False,False,1472,1073,100,136,"자동(외곽 40, 내부 100)"
131,131_Core_Case,AM_Core_Case,03_BODY,ROOT/BODY_ROOT/DFM_BODY_XY/DFM_BODY_Z/TORSO/DFM_BREATH,standard,ParamBreath;ParamCoreGlow,,Normal,True,False,False,1415,1043,203,212,"자동(외곽 40, 내부 100)"
132,132_Inner_Circuit_Glow,AM_Inner_Circuit_Glow,03_BODY,ROOT/BODY_ROOT/DFM_BODY_XY/DFM_BODY_Z/TORSO/DFM_BREATH,standard,ParamBreath,,Additive,True,False,False,1476,796,87,583,"자동(외곽 40, 내부 100)"
133,133_Inner_Body,AM_Inner_Body,03_BODY,ROOT/BODY_ROOT/DFM_BODY_XY/DFM_BODY_Z/TORSO/DFM_BREATH,standard,ParamBreath,,Normal,True,False,True,1394,800,281,1172,"자동(외곽 40, 내부 100)"
134,134_Torso_Restore,AM_Torso_Restore,03_BODY,ROOT/BODY_ROOT/DFM_BODY_XY/DFM_BODY_Z/TORSO/DFM_BREATH,standard,ParamBreath,,Normal,True,False,True,1172,896,734,1256,"자동(외곽 40, 내부 100)"
135,135_Pants_Waist_Restore,AM_Pants_Waist_Restore,03_BODY,ROOT/BODY_ROOT/DFM_BODY_XY/DFM_BODY_Z/LOWER_BODY,standard,,,Normal,True,False,True,1226,1766,638,413,"자동(외곽 40, 내부 100)"
136,136_Neck,AM_Neck,03_BODY,ROOT/BODY_ROOT/DFM_BODY_XY/DFM_BODY_Z/DFM_NECK,standard,,,Normal,True,False,True,1470,728,109,166,"자동(외곽 40, 내부 100)"
137,137_Neck_Back,AM_Neck_Back,03_BODY,ROOT/BODY_ROOT/DFM_BODY_XY/DFM_BODY_Z/DFM_NECK,standard,,,Normal,True,False,True,1461,727,126,168,"자동(외곽 40, 내부 100)"
138,138_Hood_Folded,AM_Hood_Folded,03_BODY,ROOT/BODY_ROOT/DFM_BODY_XY/DFM_BODY_Z/DFM_NECK,standard,ParamHood,ParamHood=0,Normal,True,True,False,1112,794,860,176,"자동(외곽 40, 내부 100)"
139,139_Jacket_Back_Lining,AM_Jacket_Back_Lining,03_BODY,ROOT/BODY_ROOT/DFM_BODY_XY/DFM_BODY_Z/CLOTHES/DFM_JACKET,standard,ParamBreath,,Normal,True,False,True,1256,851,569,1256,"자동(외곽 40, 내부 100)"
140,140_Cable_Port,AM_Cable_Port,03_BODY,ROOT/BODY_ROOT/DFM_BODY_XY/DFM_BODY_Z/CABLE_ROOT/DFM_CABLE_1,strip_dense,ParamCableSwingX;ParamCableSwingY,,Normal,True,False,True,1788,2070,91,121,자동 후 길이방향 6~8단 (굽힘용)
141,141_Hair_Back_Hood,AM_Hair_Back_Hood,02_BACK_HAIR,ROOT/BODY_ROOT/DFM_BODY_XY/DFM_BODY_Z/DFM_NECK/HEAD_ROOT/DFM_HEAD_XY/DFM_HEAD_Z/BACK_HAIR/DFM_HAIR_BACK,hair_mass,ParamHairBack;ParamHood,ParamHood=1,Normal,False,False,True,1215,323,583,470,"자동(외곽 50, 내부 100)"
142,142_Hair_Back_Lower,AM_Hair_Back_Lower,02_BACK_HAIR,ROOT/BODY_ROOT/DFM_BODY_XY/DFM_BODY_Z/DFM_NECK/HEAD_ROOT/DFM_HEAD_XY/DFM_HEAD_Z/BACK_HAIR/DFM_HAIR_BACK,hair_mass,ParamHairBack,,Normal,True,True,False,1354,676,353,128,"자동(외곽 50, 내부 100)"
143,143_Hair_Back_Base,AM_Hair_Back_Base,02_BACK_HAIR,ROOT/BODY_ROOT/DFM_BODY_XY/DFM_BODY_Z/DFM_NECK/HEAD_ROOT/DFM_HEAD_XY/DFM_HEAD_Z/BACK_HAIR/DFM_HAIR_BACK,hair_mass,ParamHairBack;ParamHood,ParamHood=0,Normal,True,True,True,1215,215,583,578,"자동(외곽 50, 내부 100)"
144,144_OC_Ring_Outer,AM_OC_Ring_Outer,01_BACK_FX,ROOT/SPIRIT_RING_ROOT/DFM_RING_FLOAT/DFM_RING_ROT,simple,ParamRingFloat;ParamRingRotate;ParamOverclock,ParamOverclock=1,Additive,False,False,False,980,30,1106,271,"자동(외곽 60, 내부 200) 또는 사각 4정점"
145,145_Ring_Spirit_Glow,AM_Ring_Spirit_Glow,01_BACK_FX,ROOT/SPIRIT_RING_ROOT/DFM_RING_FLOAT/DFM_RING_ROT,simple,ParamRingFloat;ParamRingRotate;ParamRing,ParamRing=1,Additive,True,False,False,1067,26,814,378,"자동(외곽 60, 내부 200) 또는 사각 4정점"
146,146_Ring_Spirit_Seg4,AM_Ring_Spirit_Seg4,01_BACK_FX,ROOT/SPIRIT_RING_ROOT/DFM_RING_FLOAT/DFM_RING_ROT,simple,ParamRingFloat;ParamRingRotate;ParamRing,ParamRing=1,Normal,True,False,False,1748,158,107,131,"자동(외곽 60, 내부 200) 또는 사각 4정점"
147,147_Ring_Spirit_Seg3,AM_Ring_Spirit_Seg3,01_BACK_FX,ROOT/SPIRIT_RING_ROOT/DFM_RING_FLOAT/DFM_RING_ROT,simple,ParamRingFloat;ParamRingRotate;ParamRing,ParamRing=1,Normal,True,False,False,1490,53,332,104,"자동(외곽 60, 내부 200) 또는 사각 4정점"
148,148_Ring_Spirit_Seg2,AM_Ring_Spirit_Seg2,01_BACK_FX,ROOT/SPIRIT_RING_ROOT/DFM_RING_FLOAT/DFM_RING_ROT,simple,ParamRingFloat;ParamRingRotate;ParamRing,ParamRing=1,Normal,True,False,False,1208,77,227,128,"자동(외곽 60, 내부 200) 또는 사각 4정점"
149,149_Ring_Spirit_Seg1,AM_Ring_Spirit_Seg1,01_BACK_FX,ROOT/SPIRIT_RING_ROOT/DFM_RING_FLOAT/DFM_RING_ROT,simple,ParamRingFloat;ParamRingRotate;ParamRing,ParamRing=1,Normal,True,False,False,1094,212,100,167,"자동(외곽 60, 내부 200) 또는 사각 4정점"
