timestamp,file,refs,size,ok,prompt_head
2026-09-27T23:53:53,03_concepts/images/batch_01/LTM_CONCEPT_B_v001.png,,1024x1536,True,"original high-end anime VTuber character design, androgynous teenage digital electric spirit named Lotium, 15-17 years o"
2026-09-27T23:53:56,03_concepts/images/batch_01/LTM_CONCEPT_A_v001.png,,1024x1536,True,"original high-end anime VTuber character design, androgynous teenage digital electric spirit named Lotium, 15-17 years o"
2026-09-27T23:53:58,03_concepts/images/batch_01/LTM_CONCEPT_C_v001.png,,1024x1536,True,"original high-end anime VTuber character design, androgynous teenage digital electric spirit named Lotium, 15-17 years o"
2026-09-27T23:54:41,03_concepts/masters/face/LTM_FACE_MASTER_v001.png,03_concepts/images/approved/LTM_CONCEPT_B_v001.png,1024x1024,False,"Single image, ONE portrait only, no inset panels, no text, no color swatches. Face master of the original anime VTuber c"
2026-09-27T23:54:41,03_concepts/masters/fullbody/LTM_FULLBODY_MASTER_v001.png,03_concepts/images/approved/LTM_CONCEPT_B_v001.png,1024x1536,False,"Single image, ONE full-body figure only, no inset panels, no text, no color swatches, no turnaround. Fullbody master of "
2026-09-27T23:56:14,03_concepts/masters/face/LTM_FACE_MASTER_v001.png,03_concepts/images/approved/LTM_CONCEPT_B_v001.png,1024x1024,True,"Single image, ONE portrait only, no inset panels, no text, no color swatches. Face master of the original anime VTuber c"
2026-09-27T23:56:43,03_concepts/masters/fullbody/LTM_FULLBODY_MASTER_v001.png,03_concepts/images/approved/LTM_CONCEPT_B_v001.png,1024x1536,True,"Single image, ONE full-body figure only, no inset panels, no text, no color swatches, no turnaround. Fullbody master of "
2026-09-27T23:58:16,03_concepts/masters/face/LTM_FACE_QA_SHEET_v001.png,03_concepts/masters/face/LTM_FACE_MASTER_v001.png,1536x1024,True,"Face consistency sheet of exactly the same face as the attached face master (Lotium), 6 head-and-shoulders panels in a 3"
2026-09-27T23:58:21,03_concepts/masters/turnaround/LTM_TURNAROUND_v001.png,03_concepts/masters/fullbody/LTM_FULLBODY_MASTER_v001.png;03_concepts/masters/face/LTM_FACE_MASTER_v001.png,1536x1024,True,Character turnaround sheet of exactly the same character as the attached references (Lotium). Four full-body views in on
2026-09-27T23:58:21,03_concepts/masters/accessories/LTM_ACCESSORY_MASTER_v001.png,03_concepts/masters/fullbody/LTM_FULLBODY_MASTER_v001.png,1536x1024,True,"Accessory master sheet for the original character Lotium, matching the attached references exactly. Isolated items space"
2026-09-27T23:58:26,03_concepts/masters/overclock/LTM_OVERCLOCK_MASTER_v001.png,03_concepts/masters/fullbody/LTM_FULLBODY_MASTER_v001.png;03_concepts/masters/face/LTM_FACE_MASTER_v001.png,1024x1536,True,"Single full-body image of exactly the same character as the attached references (Lotium), same hairstyle, same outfit, s"
2026-09-27T23:58:29,03_concepts/masters/expressions/LTM_EXPRESSION_REFERENCE_v001.png,03_concepts/masters/face/LTM_FACE_MASTER_v001.png,1024x1024,True,"Expression reference sheet of exactly the same face as the attached face master (Lotium): same hair, same headset, same "
